{
  "bluetooth.gaiamobile.org": {
    "origin": "app://bluetooth.gaiamobile.org",
    "installOrigin": "app://bluetooth.gaiamobile.org",
    "receipt": null,
    "installTime": 1456486702333,
    "updateTime": 1456486702333,
    "manifestURL": "app://bluetooth.gaiamobile.org/manifest.webapp",
    "localId": 1,
    "appStatus": 3,
    "manifestHash": "41372fd9ea9895b24fa4b2444eea5fbf",
    "packageHash": "e6bd46618b6810266ab13bce6ad7a34e"
  },
  "bookmark.gaiamobile.org": {
    "origin": "app://bookmark.gaiamobile.org",
    "installOrigin": "app://bookmark.gaiamobile.org",
    "receipt": null,
    "installTime": 1456486702333,
    "updateTime": 1456486702333,
    "manifestURL": "app://bookmark.gaiamobile.org/manifest.webapp",
    "localId": 2,
    "appStatus": 3,
    "manifestHash": "26ced8a76c3af2d459824d9ae311487f",
    "packageHash": "ea87c5795fb36974cae15643b5efda29"
  },
  "calendar.gaiamobile.org": {
    "origin": "app://calendar.gaiamobile.org",
    "installOrigin": "app://calendar.gaiamobile.org",
    "receipt": null,
    "installTime": 1456486702333,
    "updateTime": 1456486702333,
    "manifestURL": "app://calendar.gaiamobile.org/manifest.webapp",
    "localId": 3,
    "appStatus": 3,
    "manifestHash": "a37521aa1b28b03c5e1090126e9c6ac7",
    "packageHash": "2e577c2faac56bb3dda8c466f4956494"
  },
  "callscreen.gaiamobile.org": {
    "origin": "app://callscreen.gaiamobile.org",
    "installOrigin": "app://callscreen.gaiamobile.org",
    "receipt": null,
    "installTime": 1456486702333,
    "updateTime": 1456486702333,
    "manifestURL": "app://callscreen.gaiamobile.org/manifest.webapp",
    "localId": 4,
    "appStatus": 3,
    "manifestHash": "3edfa32c83a778088c5449b1b3cba30b",
    "packageHash": "ef2d236dc5f3b47fb0a1be611d911c5e"
  },
  "camera.gaiamobile.org": {
    "origin": "app://camera.gaiamobile.org",
    "installOrigin": "app://camera.gaiamobile.org",
    "receipt": null,
    "installTime": 1456486702333,
    "updateTime": 1456486702333,
    "manifestURL": "app://camera.gaiamobile.org/manifest.webapp",
    "localId": 5,
    "appStatus": 3,
    "manifestHash": "ea6739972873f27f94fdb3fed3e3acd2",
    "packageHash": "c8765f7a1be9c529f452bd8452e00571"
  },
  "clock.gaiamobile.org": {
    "origin": "app://clock.gaiamobile.org",
    "installOrigin": "app://clock.gaiamobile.org",
    "receipt": null,
    "installTime": 1456486702333,
    "updateTime": 1456486702333,
    "manifestURL": "app://clock.gaiamobile.org/manifest.webapp",
    "localId": 6,
    "appStatus": 3,
    "manifestHash": "e9c7b0834caa16202934610e0d30c4d1",
    "packageHash": "6f2eda17ee2794fc2be14cbbfbc84b6b"
  },
  "communications.gaiamobile.org": {
    "origin": "app://communications.gaiamobile.org",
    "installOrigin": "app://communications.gaiamobile.org",
    "receipt": null,
    "installTime": 1456486702333,
    "updateTime": 1456486702333,
    "manifestURL": "app://communications.gaiamobile.org/manifest.webapp",
    "localId": 7,
    "appStatus": 3,
    "manifestHash": "4e58a067cc08b75673e254f2f5c2b858",
    "packageHash": "653259291b8ff366c90230ac3f9d7548"
  },
  "costcontrol.gaiamobile.org": {
    "origin": "app://costcontrol.gaiamobile.org",
    "installOrigin": "app://costcontrol.gaiamobile.org",
    "receipt": null,
    "installTime": 1456486702333,
    "updateTime": 1456486702333,
    "manifestURL": "app://costcontrol.gaiamobile.org/manifest.webapp",
    "localId": 8,
    "appStatus": 3,
    "manifestHash": "503866d68810c0f1c5199d62a0600ecf",
    "packageHash": "de5dee8cebf1e71f09cc5b20bafcb52b"
  },
  "default_theme.gaiamobile.org": {
    "origin": "app://default_theme.gaiamobile.org",
    "installOrigin": "app://default_theme.gaiamobile.org",
    "receipt": null,
    "installTime": 1456486702333,
    "updateTime": 1456486702333,
    "manifestURL": "app://default_theme.gaiamobile.org/manifest.webapp",
    "localId": 9,
    "appStatus": 3,
    "manifestHash": "c846a1b7638c729058746347775ad1cb",
    "packageHash": "a9455379af8cbccfb6af9b1db9e0ffd4"
  },
  "download.gaiamobile.org": {
    "origin": "app://download.gaiamobile.org",
    "installOrigin": "app://download.gaiamobile.org",
    "receipt": null,
    "installTime": 1456486702333,
    "updateTime": 1456486702333,
    "manifestURL": "app://download.gaiamobile.org/manifest.webapp",
    "localId": 10,
    "appStatus": 3,
    "manifestHash": "85fb15da1b8711a70446a38c3ce2bdbe",
    "packageHash": "57569013e751144aff1bca7b9e73a3a2"
  },
  "email.gaiamobile.org": {
    "origin": "app://email.gaiamobile.org",
    "installOrigin": "app://email.gaiamobile.org",
    "receipt": null,
    "installTime": 1456486702333,
    "updateTime": 1456486702333,
    "manifestURL": "app://email.gaiamobile.org/manifest.webapp",
    "localId": 11,
    "appStatus": 3,
    "manifestHash": "bc33d21f991aafc0e3a4e1985d054a9a",
    "packageHash": "3f6f1700fb2b1be8ffa85a4d85546e16"
  },
  "emergency-call.gaiamobile.org": {
    "origin": "app://emergency-call.gaiamobile.org",
    "installOrigin": "app://emergency-call.gaiamobile.org",
    "receipt": null,
    "installTime": 1456486702333,
    "updateTime": 1456486702333,
    "manifestURL": "app://emergency-call.gaiamobile.org/manifest.webapp",
    "localId": 12,
    "appStatus": 3,
    "manifestHash": "be8a9922e85732d2b6da8de242fc3b52",
    "packageHash": "405a5a8dc81d6c7a0dcfd19be4558c06"
  },
  "findmydevice.gaiamobile.org": {
    "origin": "app://findmydevice.gaiamobile.org",
    "installOrigin": "app://findmydevice.gaiamobile.org",
    "receipt": null,
    "installTime": 1456486702333,
    "updateTime": 1456486702333,
    "manifestURL": "app://findmydevice.gaiamobile.org/manifest.webapp",
    "localId": 13,
    "appStatus": 3,
    "manifestHash": "781afdc7374dedd374c8f7dfd164f54b",
    "packageHash": "012198f66ccb5d681f1c72458d636327"
  },
  "fl.gaiamobile.org": {
    "origin": "app://fl.gaiamobile.org",
    "installOrigin": "app://fl.gaiamobile.org",
    "receipt": null,
    "installTime": 1456486702333,
    "updateTime": 1456486702333,
    "manifestURL": "app://fl.gaiamobile.org/manifest.webapp",
    "localId": 14,
    "appStatus": 3,
    "manifestHash": "0fc9a895d29349c19c1787791b7235cb",
    "packageHash": "1889abd3fcd8df4fd6d5be50226a88e0"
  },
  "fm.gaiamobile.org": {
    "origin": "app://fm.gaiamobile.org",
    "installOrigin": "app://fm.gaiamobile.org",
    "receipt": null,
    "installTime": 1456486702333,
    "updateTime": 1456486702333,
    "manifestURL": "app://fm.gaiamobile.org/manifest.webapp",
    "localId": 15,
    "appStatus": 3,
    "manifestHash": "7048d566c78e64e6e1a01db3e1cedbac",
    "packageHash": "6c3f84c163c5a0da9520f9f9ee67e008"
  },
  "ftu.gaiamobile.org": {
    "origin": "app://ftu.gaiamobile.org",
    "installOrigin": "app://ftu.gaiamobile.org",
    "receipt": null,
    "installTime": 1456486702333,
    "updateTime": 1456486702333,
    "manifestURL": "app://ftu.gaiamobile.org/manifest.webapp",
    "localId": 16,
    "appStatus": 3,
    "manifestHash": "0970552d3bd0e2f1b3ccc7f76f0ba3b8",
    "packageHash": "407994dfbed6ca613e81a9ca8d44bc7d"
  },
  "gallery.gaiamobile.org": {
    "origin": "app://gallery.gaiamobile.org",
    "installOrigin": "app://gallery.gaiamobile.org",
    "receipt": null,
    "installTime": 1456486702333,
    "updateTime": 1456486702333,
    "manifestURL": "app://gallery.gaiamobile.org/manifest.webapp",
    "localId": 17,
    "appStatus": 3,
    "manifestHash": "2159cb09632baadb71e5d61cd8ef646c",
    "packageHash": "027ab6924190cca54e122063ece0324b"
  },
  "homescreen.gaiamobile.org": {
    "origin": "app://homescreen.gaiamobile.org",
    "installOrigin": "app://homescreen.gaiamobile.org",
    "receipt": null,
    "installTime": 1456486702333,
    "updateTime": 1456486702333,
    "manifestURL": "app://homescreen.gaiamobile.org/manifest.webapp",
    "localId": 18,
    "appStatus": 2,
    "manifestHash": "d151089270d7b29c1972922bebebc654",
    "packageHash": "81f78820b9e40e6159c7fc910174bff7"
  },
  "keyboard.gaiamobile.org": {
    "origin": "app://keyboard.gaiamobile.org",
    "installOrigin": "app://keyboard.gaiamobile.org",
    "receipt": null,
    "installTime": 1456486702333,
    "updateTime": 1456486702333,
    "manifestURL": "app://keyboard.gaiamobile.org/manifest.webapp",
    "localId": 19,
    "appStatus": 3,
    "manifestHash": "15434cd87309c9c9d27e8b758c3f7f3e"
  },
  "marketplace.firefox.com": {
    "origin": "app://marketplace.firefox.com",
    "installOrigin": "https://marketplace.firefox.com",
    "receipt": null,
    "installTime": 1456486702333,
    "updateTime": 1456486702333,
    "manifestURL": "https://marketplace.firefox.com/packaged.webapp",
    "removable": false,
    "localId": 20,
    "etag": "\"2676c5e93248619106d35c706f0edc1e6c5a4a80c9418458b0605ea1f34c01c6\"",
    "packageEtag": "\"9c6e8d1c3821e0ffcc7322f995bb299022b007e8745dcb857a9d2991871aba0b\"",
    "appStatus": 2,
    "manifestHash": "8ca59a32d5ecbf1d7690cb559839312b"
  },
  "music.gaiamobile.org": {
    "origin": "app://music.gaiamobile.org",
    "installOrigin": "app://music.gaiamobile.org",
    "receipt": null,
    "installTime": 1456486702333,
    "updateTime": 1456486702333,
    "manifestURL": "app://music.gaiamobile.org/manifest.webapp",
    "localId": 21,
    "appStatus": 3,
    "manifestHash": "fc84f539a7362fa51da3f0be0ed7f010",
    "packageHash": "89fa8e6c82969b9e6fc51554c6182722"
  },
  "network-alerts.gaiamobile.org": {
    "origin": "app://network-alerts.gaiamobile.org",
    "installOrigin": "app://network-alerts.gaiamobile.org",
    "receipt": null,
    "installTime": 1456486702333,
    "updateTime": 1456486702333,
    "manifestURL": "app://network-alerts.gaiamobile.org/manifest.webapp",
    "localId": 22,
    "appStatus": 3,
    "manifestHash": "40ae5540089fe61d9fc0312277018720",
    "packageHash": "a455da46b8de14d90f26ed6aa6b5f682"
  },
  "operatorvariant.gaiamobile.org": {
    "origin": "app://operatorvariant.gaiamobile.org",
    "installOrigin": "app://operatorvariant.gaiamobile.org",
    "receipt": null,
    "installTime": 1456486702333,
    "updateTime": 1456486702333,
    "manifestURL": "app://operatorvariant.gaiamobile.org/manifest.webapp",
    "localId": 23,
    "appStatus": 3,
    "manifestHash": "334f7d7658c0a8c8c8f0d6a7585e6f14",
    "packageHash": "62e6f6cef96e3042da71f8c939f63d0d"
  },
  "pdfjs.gaiamobile.org": {
    "origin": "app://pdfjs.gaiamobile.org",
    "installOrigin": "app://pdfjs.gaiamobile.org",
    "receipt": null,
    "installTime": 1456486702333,
    "updateTime": 1456486702333,
    "manifestURL": "app://pdfjs.gaiamobile.org/manifest.webapp",
    "localId": 24,
    "appStatus": 3,
    "manifestHash": "5a680486f0ae5f218ad215f825e560d0",
    "packageHash": "7c2b53079d0344e4e28f8e82df987f4d"
  },
  "ringtones.gaiamobile.org": {
    "origin": "app://ringtones.gaiamobile.org",
    "installOrigin": "app://ringtones.gaiamobile.org",
    "receipt": null,
    "installTime": 1456486702333,
    "updateTime": 1456486702333,
    "manifestURL": "app://ringtones.gaiamobile.org/manifest.webapp",
    "localId": 25,
    "appStatus": 3,
    "manifestHash": "be57eb58abdd266d6e2bba39612bacab",
    "packageHash": "a2c0b5b8f6b48b3da1d29fe5181a836d"
  },
  "search.gaiamobile.org": {
    "origin": "app://search.gaiamobile.org",
    "installOrigin": "app://search.gaiamobile.org",
    "receipt": null,
    "installTime": 1456486702333,
    "updateTime": 1456486702333,
    "manifestURL": "app://search.gaiamobile.org/manifest.webapp",
    "localId": 26,
    "appStatus": 3,
    "manifestHash": "18c7f166525a1d6f1b59b9a6db017c51",
    "packageHash": "4f5712f7f4fcbed97885e5527b60349f"
  },
  "settings.gaiamobile.org": {
    "origin": "app://settings.gaiamobile.org",
    "installOrigin": "app://settings.gaiamobile.org",
    "receipt": null,
    "installTime": 1456486702333,
    "updateTime": 1456486702333,
    "manifestURL": "app://settings.gaiamobile.org/manifest.webapp",
    "localId": 27,
    "appStatus": 3,
    "manifestHash": "d91ac0aa5b79f264f7ca091508b90cfb",
    "packageHash": "e7069471f58bd41d3871778f19745213"
  },
  "sms.gaiamobile.org": {
    "origin": "app://sms.gaiamobile.org",
    "installOrigin": "app://sms.gaiamobile.org",
    "receipt": null,
    "installTime": 1456486702333,
    "updateTime": 1456486702333,
    "manifestURL": "app://sms.gaiamobile.org/manifest.webapp",
    "localId": 28,
    "appStatus": 3,
    "manifestHash": "bf96636c37e5fa463187592cfe431c86",
    "packageHash": "6a02c47b4268713bc6298dcace00436e"
  },
  "sync.gaiamobile.org": {
    "origin": "app://sync.gaiamobile.org",
    "installOrigin": "app://sync.gaiamobile.org",
    "receipt": null,
    "installTime": 1456486702333,
    "updateTime": 1456486702333,
    "manifestURL": "app://sync.gaiamobile.org/manifest.webapp",
    "localId": 29,
    "appStatus": 3,
    "manifestHash": "827ba4b056c790ff9f065ab78886660c"
  },
  "system.gaiamobile.org": {
    "origin": "app://system.gaiamobile.org",
    "installOrigin": "app://system.gaiamobile.org",
    "receipt": null,
    "installTime": 1456486702333,
    "updateTime": 1456486702333,
    "manifestURL": "app://system.gaiamobile.org/manifest.webapp",
    "localId": 30,
    "appStatus": 3,
    "manifestHash": "17648fae76afa92e961bfbc2709e4fc5",
    "packageHash": "51c0447a91dc9647b0777c8192baca2a"
  },
  "verticalhome.gaiamobile.org": {
    "origin": "app://verticalhome.gaiamobile.org",
    "installOrigin": "app://verticalhome.gaiamobile.org",
    "receipt": null,
    "installTime": 1456486702333,
    "updateTime": 1456486702333,
    "manifestURL": "app://verticalhome.gaiamobile.org/manifest.webapp",
    "localId": 31,
    "appStatus": 3,
    "manifestHash": "c50ef03b4a63120d79bfe3db0eec35f2",
    "packageHash": "64f2b9f8710630000673a5b4c6ce66d3"
  },
  "video.gaiamobile.org": {
    "origin": "app://video.gaiamobile.org",
    "installOrigin": "app://video.gaiamobile.org",
    "receipt": null,
    "installTime": 1456486702333,
    "updateTime": 1456486702333,
    "manifestURL": "app://video.gaiamobile.org/manifest.webapp",
    "localId": 32,
    "appStatus": 3,
    "manifestHash": "9abdd0900c8bbd30bd7979d7d9fb192e",
    "packageHash": "c1970a38144961d0b53bdf85953dd65f"
  },
  "wallpaper.gaiamobile.org": {
    "origin": "app://wallpaper.gaiamobile.org",
    "installOrigin": "app://wallpaper.gaiamobile.org",
    "receipt": null,
    "installTime": 1456486702333,
    "updateTime": 1456486702333,
    "manifestURL": "app://wallpaper.gaiamobile.org/manifest.webapp",
    "localId": 33,
    "appStatus": 3,
    "manifestHash": "e36638b1e867f7af08b79a572108e534",
    "packageHash": "28db77977819f5a40266a0ccfe3e651c"
  },
  "wappush.gaiamobile.org": {
    "origin": "app://wappush.gaiamobile.org",
    "installOrigin": "app://wappush.gaiamobile.org",
    "receipt": null,
    "installTime": 1456486702333,
    "updateTime": 1456486702333,
    "manifestURL": "app://wappush.gaiamobile.org/manifest.webapp",
    "localId": 34,
    "appStatus": 3,
    "manifestHash": "bed04d59ccd036eac75fcd7d8c6f741c",
    "packageHash": "2a8774161134b36f9f32952c2b8b6cfa"
  },
  "{954309b8-f973-4ee6-b7f5-22024fe0059e}": {
    "origin": "https://www.bzlite.com",
    "installOrigin": "https://marketplace.firefox.com",
    "receipt": null,
    "installTime": 1456486702333,
    "updateTime": 1456486702333,
    "manifestURL": "https://www.bzlite.com/manifest.webapp",
    "removable": true,
    "localId": 35,
    "etag": null,
    "packageEtag": null,
    "appStatus": 1,
    "manifestHash": "398d3ded5da95e35c49eb546f489c029"
  },
  "{ef6548d1-a8ee-4c7d-9bb0-6c1156471c21}": {
    "origin": "app://{ef6548d1-a8ee-4c7d-9bb0-6c1156471c21}",
    "installOrigin": "https://marketplace.firefox.com",
    "receipt": null,
    "installTime": 1456486702333,
    "updateTime": 1456486702333,
    "manifestURL": "https://marketplace.firefox.com/app/8d979279-a142-4fee-993b-8e7797b221a5/manifest.webapp",
    "removable": true,
    "localId": 36,
    "etag": "\"464ab567c15d09e0686fc510e27bfe61571a45403ee001b4a8abb00e01d1fe6a\"",
    "packageEtag": "\"37b38390392be799b79ea92c9738dec182724c20dd9bece601da7301848229b7\"",
    "appStatus": 2,
    "manifestHash": "fa32837b4071760e7545fe2ce7ea77d0"
  },
  "{334f21ea-5c3b-4c54-8dcc-45fc039de066}": {
    "origin": "https://m.facebook.com",
    "installOrigin": "https://marketplace.firefox.com",
    "receipt": null,
    "installTime": 1456486702333,
    "updateTime": 1456486702333,
    "manifestURL": "https://m.facebook.com/openwebapp/manifest.webapp",
    "removable": true,
    "localId": 37,
    "etag": null,
    "packageEtag": null,
    "appStatus": 1,
    "manifestHash": "65fdc4fa64df78e23640a16c418350b1"
  },
  "{4c4cff3c-c683-4403-8b1f-7c3411a79e58}": {
    "origin": "app://{4c4cff3c-c683-4403-8b1f-7c3411a79e58}",
    "installOrigin": "https://marketplace.firefox.com",
    "receipt": null,
    "installTime": 1456486702333,
    "updateTime": 1456486702333,
    "manifestURL": "https://marketplace.firefox.com/app/dcdaeefc-26f4-4af6-ad22-82eb93beadcd/manifest.webapp",
    "removable": true,
    "localId": 38,
    "etag": "\"d88f86260f28ff249b44d6f5d3a09da67c9d99c065a7664d041346799472402b\"",
    "packageEtag": "\"4ac6add6a42103f80a0abd946ecadf388088e8d747b3e09fabcafdeba928ba4b\"",
    "appStatus": 2,
    "manifestHash": "78d1d9f4440fdffccc97fb67d6783e10"
  },
  "{bfcd24eb-0c58-4e8a-a7ac-592b50c2b1c2}": {
    "origin": "https://mobile.twitter.com",
    "installOrigin": "https://marketplace.firefox.com",
    "receipt": null,
    "installTime": 1456486702333,
    "updateTime": 1456486702333,
    "manifestURL": "https://mobile.twitter.com/cache/twitter.webapp",
    "removable": true,
    "localId": 39,
    "etag": "874c79c11395ca3477cf6c68b3f04820",
    "packageEtag": null,
    "appStatus": 1,
    "manifestHash": "61827ceee351473e8bac04e54a8ff2df"
  },
  "{62cfbec0-e581-4542-a4fe-921c1ea8d4ec}": {
    "origin": "app://{62cfbec0-e581-4542-a4fe-921c1ea8d4ec}",
    "installOrigin": "https://marketplace.firefox.com",
    "receipt": null,
    "installTime": 1456486702333,
    "updateTime": 1456486702333,
    "manifestURL": "https://marketplace.firefox.com/app/9f96ce77-5b2d-42ca-a0d9-10a933dd84c4/manifest.webapp",
    "removable": true,
    "localId": 40,
    "etag": "\"00a7e6ed17013fcde831823f87adbfd9729c274ca536469c38d6176d97843ae9\"",
    "packageEtag": "\"29d7889feb897b721faaa822d04f66ed97c66073ae8c355123d2181da4039844\"",
    "appStatus": 1,
    "manifestHash": "1f4b5d817735ae2305173d63536f5a17"
  }
}